,,,,,,,,,,,,,,,VALIDAZIONE CATEGORIE,,,,,,,,
FAMIGLIA,ITEM,"FABTEK
CODE","Codice
Oracle SAPIO","DIAMETRO
",MATERIALE,CONNESSIONE,ARTICOLO (DESCIRZIONE),FOTO,Unità Di Misura,FORNITORE,Codice Fornitore, Link Datasheet, Link 3D View, LINK SPEC, UPW, SW, PV, GAS NON UHP, GAS UHP, VDM, PCW, DRAIN, EXHAUST
FITTING,CURVA 90°,20SW200001,20SAP200001,DN 63,PP STD - PN10,Butt Welded / IR,ELBOW 90°,#VALUE!,Pcs,GF (George Fischer),727018622,,,,,X,,,,,,X,
FITTING,CURVA 90°,20SW200002,20SAP200002,DN 50,PP STD - PN10,Butt Welded / IR,ELBOW 90°,#VALUE!,Pcs,GF (George Fischer),727018611,,,,,X,,,,,,X,
FITTING,CURVA 90°,20SW200003,20SAP200003,DN 40,PP STD - PN10,Butt Welded / IR,ELBOW 90°,#VALUE!,Pcs,GF (George Fischer),727018610,,,,,X,X,,,,,X,
FITTING,CURVA 90°,20SW200004,20SAP200004,DN 32,PP STD - PN10,Butt Welded / IR,ELBOW 90°,#VALUE!,Pcs,GF (George Fischer),727018609,,,,,X,X,,,,,X,
FITTING,CURVA 90°,20SW200005,20SAP200005,DN 25,PP STD - PN10,Butt Welded / IR,ELBOW 90°,#VALUE!,Pcs,GF (George Fischer),727018608,,,,,X,X,,,,,X,
FITTING,CURVA 90°,20SW200006,20SAP200006,DN 20,PP STD - PN10,Butt Welded / IR,ELBOW 90°,#VALUE!,Pcs,GF (George Fischer),727018607,,,,,X,X,,,,,X,
FITTING,CURVA 90°,20SW200007,20SAP200007,DN 15,PP STD - PN10,Butt Welded / IR,ELBOW 90°,#VALUE!,Pcs,GF (George Fischer),727018606,,,,,X,X,,,,,X,
FITTING,CURVA 45°,20SW200008,20SAP200008,DN 63,PP STD - PN10,Butt Welded / IR,ELBOW 45° ,#VALUE!,Pcs,GF (George Fischer),727158512,,,,,X,,,,,,X,
FITTING,CURVA 45°,20SW200009,20SAP200009,DN 50,PP STD - PN10,Butt Welded / IR,ELBOW 45° ,#VALUE!,Pcs,GF (George Fischer),727158511,,,,,X,,,,,,X,
FITTING,CURVA 45°,20SW200010,20SAP200010,DN 40,PP STD - PN10,Butt Welded / IR,ELBOW 45° ,#VALUE!,Pcs,GF (George Fischer),727158510,,,,,X,X,,,,,X,
FITTING,CURVA 45°,20SW200011,20SAP200011,DN 32,PP STD - PN10,Butt Welded / IR,ELBOW 45° ,#VALUE!,Pcs,GF (George Fischer),727158509,,,,,X,X,,,,,X,
FITTING,CURVA 45°,20SW200012,20SAP200012,DN 25,PP STD - PN10,Butt Welded / IR,ELBOW 45° ,#VALUE!,Pcs,GF (George Fischer),727158508,,,,,X,X,,,,,X,
FITTING,CURVA 45°,20SW200013,20SAP200013,DN 20,PP STD - PN10,Butt Welded / IR,ELBOW 45° ,#VALUE!,Pcs,GF (George Fischer),727158507,,,,,X,X,,,,,X,
FITTING,CURVA 45°,20SW200014,20SAP200014,DN 15,PP STD - PN10,Butt Welded / IR,ELBOW 45° ,#VALUE!,Pcs,GF (George Fischer),727158506,,,,,X,X,,,,,X,
FITTING,CURVA 90° ,20SW200015,20SAP200015,DN 63,PP STD - PN10,Butt Welded / IR,90° BEND,,Pcs,GF (George Fischer),727018622,,,,,X,,,,,,X,
FITTING,CURVA 90°,20SW200016,20SAP200016,DN 50,PP STD - PN10,Butt Welded / IR,90° BEND,,Pcs,GF (George Fischer),727018611,,,,,X,,,,,,X,
FITTING,CURVA 90°,20SW200017,20SAP200017,DN 40,PP STD - PN10,Butt Welded / IR,90° BEND,,Pcs,GF (George Fischer),727018610,,,,,X,X,,,,,X,
FITTING,CURVA 90°,20SW200018,20SAP200018,DN 32,PP STD - PN10,Butt Welded / IR,90° BEND,,Pcs,GF (George Fischer),727018609,,,,,X,X,,,,,X,
FITTING,CURVA 90°,20SW200019,20SAP200019,DN 25,PP STD - PN10,Butt Welded / IR,90° BEND,,Pcs,GF (George Fischer),727018608,,,,,X,X,,,,,X,
FITTING,CURVA 90°,20SW200020,20SAP200020,DN 20,PP STD - PN10,Butt Welded / IR,90° BEND,,Pcs,GF (George Fischer),727018607,,,,,X,X,,,,,X,
FITTING,CURVA 90°,20SW200021,20SAP200021,DN 15,PP STD - PN10,Butt Welded / IR,90° BEND,,Pcs,GF (George Fischer),727018606,,,,,X,X,,,,,X,
FITTING,CURVA 45°,20SW200022,20SAP200022,DN 63,PP STD - PN10,Butt Welded / IR,45° BEND,,Pcs,GF (George Fischer),727158512,,,,,X,,,,,,X,
FITTING,CURVA 45°,20SW200023,20SAP200023,DN 50,PP STD - PN10,Butt Welded / IR,45° BEND,,Pcs,GF (George Fischer),727158511,,,,,X,,,,,,X,
FITTING,CURVA 45°,20SW200024,20SAP200024,DN 40,PP STD - PN10,Butt Welded / IR,45° BEND,,Pcs,GF (George Fischer),727158510,,,,,X,X,,,,,X,
FITTING,CURVA 45°,20SW200025,20SAP200025,DN 32,PP STD - PN10,Butt Welded / IR,45° BEND,,Pcs,GF (George Fischer),727158509,,,,,X,X,,,,,X,
FITTING,CURVA 45°,20SW200026,20SAP200026,DN 25,PP STD - PN10,Butt Welded / IR,45° BEND,,Pcs,GF (George Fischer),727158508,,,,,X,X,,,,,X,
FITTING,CURVA 45°,20SW200027,20SAP200027,DN 20,PP STD - PN10,Butt Welded / IR,45° BEND,,Pcs,GF (George Fischer),727158507,,,,,X,X,,,,,X,
FITTING,CURVA 45°,20SW200028,20SAP200028,DN 15,PP STD - PN10,Butt Welded / IR,45° BEND,,Pcs,GF (George Fischer),727158506,,,,,X,X,,,,,X,
FITTING,TEE,20SW200029,20SAP200029,DN 63,PP STD - PN10,Butt Welded / IR,EQUAL TEE ,,Pcs,GF (George Fischer),727208512,,,,,X,,,,,,X,
FITTING,TEE,20SW200030,20SAP200030,DN 50,PP STD - PN10,Butt Welded / IR,EQUAL TEE ,,Pcs,GF (George Fischer),727208511,,,,,X,,,,,,X,
FITTING,TEE,20SW200031,20SAP200031,DN 40,PP STD - PN10,Butt Welded / IR,EQUAL TEE ,,Pcs,GF (George Fischer),727208510,,,,,X,X,,,,,X,
FITTING,TEE,20SW200032,20SAP200032,DN 32,PP STD - PN10,Butt Welded / IR,EQUAL TEE ,,Pcs,GF (George Fischer),727208509,,,,,X,X,,,,,X,
FITTING,TEE,20SW200033,20SAP200033,DN 25,PP STD - PN10,Butt Welded / IR,EQUAL TEE ,,Pcs,GF (George Fischer),727208508,,,,,X,X,,,,,X,
FITTING,TEE,20SW200034,20SAP200034,DN 20,PP STD - PN10,Butt Welded / IR,EQUAL TEE ,,Pcs,GF (George Fischer),727208507,,,,,X,X,,,,,X,
FITTING,TEE,20SW200035,20SAP200035,DN 15,PP STD - PN10,Butt Welded / IR,EQUAL TEE ,,Pcs,GF (George Fischer),727208506,,,,,X,X,,,,,X,
FITTING,TEE,20SW200036,20SAP200036,DN 63 - DN50,PP STD - PN10,Butt Welded / IR,REDUCING TEE,,Pcs,GF (George Fischer),727208355,,,,,X,,,,,,X,
FITTING,TEE,20SW200037,20SAP200037,DN 63 - DN40,PP STD - PN10,Butt Welded / IR,REDUCING TEE,,Pcs,GF (George Fischer),727208354,,,,,X,,,,,,X,
FITTING,TEE,20SW200038,20SAP200038,DN 50 - DN 40,PP STD - PN10,Butt Welded / IR,REDUCING TEE,,Pcs,GF (George Fischer),727208352,,,,,X,,,,,,X,
FITTING,TEE,20SW200039,20SAP200039,DN 50 - DN 32,PP STD - PN10,Butt Welded / IR,REDUCING TEE,,Pcs,GF (George Fischer),727208350,,,,,X,,,,,,X,
FITTING,TEE,20SW200040,20SAP200040,DN 40 - DN32,PP STD - PN10,Butt Welded / IR,REDUCING TEE,,Pcs,GF (George Fischer),727208510+727908552,,,,,X,X,,,,,X,
FITTING,TEE,20SW200041,20SAP200041,DN 40 - DN 25,PP STD - PN10,Butt Welded / IR,REDUCING TEE,,Pcs,GF (George Fischer),727208510+727908553,,,,,X,X,,,,,X,
FITTING,TEE,20SW200042,20SAP200042,DN 32 - DN 25,PP STD - PN10,Butt Welded / IR,REDUCING TEE,,Pcs,GF (George Fischer),727208509+727908546,,,,,X,X,,,,,X,
FITTING,TEE,20SW200043,20SAP200043,DN 32 - DN 20,PP STD - PN10,Butt Welded / IR,REDUCING TEE,,Pcs,GF (George Fischer),727208509+727908547,,,,,X,X,,,,,X,
FITTING,TEE,20SW200044,20SAP200044,DN 25 - DN 20,PP STD - PN10,Butt Welded / IR,REDUCING TEE,,Pcs,GF (George Fischer),727208508+727908541,,,,,X,X,,,,,X,
FITTING,TEE,20SW200045,20SAP200045,DN 25 - DN 15,PP STD - PN10,Butt Welded / IR,REDUCING TEE,,Pcs,GF (George Fischer),727208508+727908542,,,,,X,X,,,,,X,
FITTING,TEE,20SW200046,20SAP200046,DN 20 - DN 15,PP STD - PN10,Butt Welded / IR,REDUCING TEE,,Pcs,GF (George Fischer),727208507+727908537,,,,,X,X,,,,,X,
FITTING,REDUCER,20SW200047,20SAP200047,DN 63 - DN50,PP STD - PN10,Butt Welded / IR,CONCENTRIC REDUCER,,Pcs,GF (George Fischer),727908564,,,,,X,,,,,,X,
FITTING,REDUCER,20SW200048,20SAP200048,DN 63 - DN40,PP STD - PN10,Butt Welded / IR,CONCENTRIC REDUCER,,Pcs,GF (George Fischer),727908565,,,,,X,,,,,,X,
FITTING,REDUCER,20SW200049,20SAP200049,DN 50 - DN 40,PP STD - PN10,Butt Welded / IR,CONCENTRIC REDUCER,,Pcs,GF (George Fischer),727908558,,,,,X,,,,,,X,
FITTING,REDUCER,20SW200050,20SAP200050,DN 50 - DN 32,PP STD - PN10,Butt Welded / IR,CONCENTRIC REDUCER,,Pcs,GF (George Fischer),727908559,,,,,X,,,,,,X,
FITTING,REDUCER,20SW200051,20SAP200051,DN 40 - DN32,PP STD - PN10,Butt Welded / IR,CONCENTRIC REDUCER,,Pcs,GF (George Fischer),727908552,,,,,X,X,,,,,X,
FITTING,REDUCER,20SW200052,20SAP200052,DN 40 - DN 25,PP STD - PN10,Butt Welded / IR,CONCENTRIC REDUCER,,Pcs,GF (George Fischer),727908553,,,,,X,X,,,,,X,
FITTING,REDUCER,20SW200053,20SAP200053,DN 32 - DN 25,PP STD - PN10,Butt Welded / IR,CONCENTRIC REDUCER,,Pcs,GF (George Fischer),727908546,,,,,X,X,,,,,X,
FITTING,REDUCER,20SW200054,20SAP200054,DN 32 - DN 20,PP STD - PN10,Butt Welded / IR,CONCENTRIC REDUCER,,Pcs,GF (George Fischer),727908547,,,,,X,X,,,,,X,
FITTING,REDUCER,20SW200055,20SAP200055,DN 25 - DN 20,PP STD - PN10,Butt Welded / IR,CONCENTRIC REDUCER,,Pcs,GF (George Fischer),727908541,,,,,X,X,,,,,X,
FITTING,REDUCER,20SW200056,20SAP200056,DN 25 - DN 15,PP STD - PN10,Butt Welded / IR,CONCENTRIC REDUCER,,Pcs,GF (George Fischer),727908542,,,,,X,X,,,,,X,
FITTING,REDUCER,20SW200057,20SAP200057,DN 20 - DN 15,PP STD - PN10,Butt Welded / IR,CONCENTRIC REDUCER,,Pcs,GF (George Fischer),727908537,,,,,X,X,,,,,X,
FITTING,UNION,20SW200058,20SAP200058,DN 63,PP STD - PN10,Butt Welded / IR,UNION 3 PCS,#VALUE!,Pcs,GF (George Fischer),727518212,,,,,X,,,,,,X,
FITTING,UNION,20SW200059,20SAP200059,DN 50,PP STD - PN10,Butt Welded / IR,UNION 3 PCS,#VALUE!,Pcs,GF (George Fischer),727518511,,,,,X,,,,,,X,
FITTING,UNION,20SW200060,20SAP200060,DN 40,PP STD - PN10,Butt Welded / IR,UNION 3 PCS,#VALUE!,Pcs,GF (George Fischer),727518510,,,,,X,X,,,,,X,
FITTING,UNION,20SW200061,20SAP200061,DN 32,PP STD - PN10,Butt Welded / IR,UNION 3 PCS,#VALUE!,Pcs,GF (George Fischer),727518509,,,,,X,X,,,,,X,
FITTING,UNION,20SW200062,20SAP200062,DN 25,PP STD - PN10,Butt Welded / IR,UNION 3 PCS,#VALUE!,Pcs,GF (George Fischer),727518508,,,,,X,X,,,,,X,
FITTING,UNION,20SW200063,20SAP200063,DN 20,PP STD - PN10,Butt Welded / IR,UNION 3 PCS,#VALUE!,Pcs,GF (George Fischer),727518507,,,,,X,X,,,,,X,
FITTING,UNION,20SW200064,20SAP200064,DN 15,PP STD - PN10,Butt Welded / IR,UNION 3 PCS,#VALUE!,Pcs,GF (George Fischer),727518506,,,,,X,X,,,,,X,
FITTING,Female Adaptor Reciforced,20SW200065,20SAP200065,"DN 15 X 1/4""",PP STD - PN10,Butt / IT Welded - Female NPT - Reinforced,Female Adaptor Reciforced - NPT Thread,,Pcs,,nd,,,,,X,X,,,,,X,
FITTING,Female Adaptor Reciforced,20SW200066,20SAP200066,"DN 15 X 3/8""",PP STD - PN10,Butt / IT Welded - Female NPT - Reinforced,Female Adaptor Reciforced - NPT Thread,,Pcs,,nd,,,,,X,X,,,,,X,
FITTING,Female Adaptor Reciforced,20SW200067,20SAP200067,"DN15 X 1/2""",PP STD - PN10,Butt / IT Welded - Female NPT - Reinforced,Female Adaptor Reciforced - NPT Thread,,Pcs,GF (George Fischer),727914356,,,,,X,X,,,,,X,
FITTING,Female Adaptor Reciforced,20SW200068,20SAP200068,"DN 20 X 1/2""",PP STD - PN10,Butt / IT Welded - Female NPT - Reinforced,Female Adaptor Reciforced - NPT Thread,,Pcs,,nd,,,,,X,X,,,,,X,
FITTING,Female Adaptor Reciforced,20SW200069,20SAP200069,"DN 20 X 3/4""",PP STD - PN10,Butt / IT Welded - Female NPT - Reinforced,Female Adaptor Reciforced - NPT Thread,,Pcs,GF (George Fischer),727914357,,,,,X,X,,,,,X,
FITTING,Female Adaptor Reciforced,20SW200070,20SAP200070,"DN 20 X 1""",PP STD - PN10,Butt / IT Welded - Female NPT - Reinforced,Female Adaptor Reciforced - NPT Thread,,Pcs,,nd,,,,,X,X,,,,,X,
FITTING,Female Adaptor Reciforced,20SW200071,20SAP200071,"DN 25 X 1/2""",PP STD - PN10,Butt / IT Welded - Female NPT - Reinforced,Female Adaptor Reciforced - NPT Thread,,Pcs,,nd,,,,,X,X,,,,,X,
FITTING,Female Adaptor Reciforced,20SW200072,20SAP200072,"DN 25 X 3/4""",PP STD - PN10,Butt / IT Welded - Female NPT - Reinforced,Female Adaptor Reciforced - NPT Thread,,Pcs,,nd,,,,,X,X,,,,,X,
FITTING,Female Adaptor Reciforced,20SW200073,20SAP200073,"DN 25 X 1""",PP STD - PN10,Butt / IT Welded - Female NPT - Reinforced,Female Adaptor Reciforced - NPT Thread,,Pcs,GF (George Fischer),727914358,,,,,X,X,,,,,X,
FITTING,Female Adaptor Reciforced,20SW200074,20SAP200074,"DN 32 X 3/4""",PP STD - PN10,Butt / IT Welded - Female NPT - Reinforced,Female Adaptor Reciforced - NPT Thread,,Pcs,,nd,,,,,X,X,,,,,X,
FITTING,Female Adaptor Reciforced,20SW200075,20SAP200075,"DN 32 X 1""",PP STD - PN10,Butt / IT Welded - Female NPT - Reinforced,Female Adaptor Reciforced - NPT Thread,,Pcs,,nd,,,,,X,X,,,,,X,
FITTING,Male Adaptor,20SW200076,20SAP200076,"DN 15 X 1/4""",PP STD - PN10,Butt / IT Welded - Male NPT ,Male Adaptor - NPT Thread,,Pcs,,nd,,,,,X,X,,,,,X,
FITTING,Male Adaptor,20SW200077,20SAP200077,"DN 15 X 3/8""",PP STD - PN10,Butt / IT Welded - Male NPT ,Male Adaptor - NPT Thread,,Pcs,,nd,,,,,X,X,,,,,X,
FITTING,Male Adaptor,20SW200078,20SAP200078,"DN15 X 1/2""",PP STD - PN10,Butt / IT Welded - Male NPT ,Male Adaptor - NPT Thread,,Pcs,,nd,,,,,X,X,,,,,X,
FITTING,Male Adaptor,20SW200079,20SAP200079,"DN 20 X 1/2""",PP STD - PN10,Butt / IT Welded - Male NPT ,Male Adaptor - NPT Thread,,Pcs,,nd,,,,,X,X,,,,,X,
FITTING,Male Adaptor,20SW200080,20SAP200080,"DN 20 X 3/4""",PP STD - PN10,Butt / IT Welded - Male NPT ,Male Adaptor - NPT Thread,,Pcs,,nd,,,,,X,X,,,,,X,
FITTING,Male Adaptor,20SW200081,20SAP200081,"DN 20 X 1""",PP STD - PN10,Butt / IT Welded - Male NPT ,Male Adaptor - NPT Thread,,Pcs,,nd,,,,,X,X,,,,,X,
FITTING,Male Adaptor,20SW200082,20SAP200082,"DN 25 X 1/2""",PP STD - PN10,Butt / IT Welded - Male NPT ,Male Adaptor - NPT Thread,,Pcs,,nd,,,,,X,X,,,,,X,
FITTING,Male Adaptor,20SW200083,20SAP200083,"DN 25 X 3/4""",PP STD - PN10,Butt / IT Welded - Male NPT ,Male Adaptor - NPT Thread,,Pcs,,nd,,,,,X,X,,,,,X,
FITTING,Male Adaptor,20SW200084,20SAP200084,"DN 25 X 1""",PP STD - PN10,Butt / IT Welded - Male NPT ,Male Adaptor - NPT Thread,,Pcs,,nd,,,,,X,X,,,,,X,
FITTING,Male Adaptor,20SW200085,20SAP200085,"DN 32 X 3/4""",PP STD - PN10,Butt / IT Welded - Male NPT ,Male Adaptor - NPT Thread,,Pcs,,nd,,,,,X,X,,,,,X,
FITTING,Male Adaptor,20SW200086,20SAP200086,"DN 32 X 1""",PP STD - PN10,Butt / IT Welded - Male NPT ,Male Adaptor - NPT Thread,,Pcs,,nd,,,,,X,X,,,,,X,
FLESSIBILI,PFA,20SW200087,20SAP200087,"1/2""",PFA,FLESSIBILE,PFA - 450,,M,,nd,,,,X,X,X,,,,,X,
FLESSIBILI,pFA,20SW200088,20SAP200088,"3/4""",PFA,FLESSIBILE,PFA - 450,,M,,nd,,,,X,X,X,,,,,X,
FLESSIBILI,PFA,20SW200089,20SAP200089,"1""",PFA,FLESSIBILE,PFA - 450,,M,,nd,,,,X,X,X,,,,,X,
FLESSIBILI,PUSH-ON,20SW200090,20SAP200090,"1/2""",EPDM,FLESSIBILE,PUSH-ON,,M,,nd,,,,,X,,,,,,,
FLESSIBILI,PUSH-ON,20SW200091,20SAP200091,"3/4""",EPDM,FLESSIBILE,PUSH-ON,,M,,nd,,,,,X,,,,,,,
FLESSIBILI,PUSH-ON,20SW200092,20SAP200092,"1""",EPDM,FLESSIBILE,PUSH-ON,,M,,nd,,,,,X,,,,,,,
INSTRUMENT,FLOWMETER,20SW200093,20SAP200093,TBD,PP STD - PN10,Union End for Butt Weld / IR,FLOWMETER,,Pcs,GF (George Fischer),199335041+727508508,,,,,X,,,,,,,
INSTRUMENT,FLOWMETER,20SW200094,20SAP200094,TBD,PP STD - PN10,Union End for Butt Weld / IR,FLOWMETER,,Pcs,GF (George Fischer),199335042+727508509,,,,,X,,,,,,,
INSTRUMENT,FLOWMETER,20SW200095,20SAP200095,TBD,PP STD - PN10,Union End for Butt Weld / IR,FLOWMETER,,Pcs,GF (George Fischer),199335043+727508509,,,,,X,,,,,,,
INSTRUMENT,FLOWMETER,20SW200096,20SAP200096,TBD,PP STD - PN10,Union End for Butt Weld / IR,FLOWMETER,,Pcs,GF (George Fischer),199335048+727508511,,,,,X,,,,,,,
INSTRUMENT,FLOWMETER,20SW200097,20SAP200097,TBD,PP STD - PN10,Union End for Butt Weld / IR,FLOWMETER,,Pcs,GF (George Fischer),199335049+727508511,,,,,X,,,,,,,
PRESSURE REGULATOR,PRESSURE REGULATOR,20SW200098,20SAP200098,DN 63,PP STD - PN10,Union End for Butt Weld / IR,PRESSURE REGULATOR,#VALUE!,Pcs,GF (George Fischer),nd,,,,,X,,,,,,,
PRESSURE REGULATOR,PRESSURE REGULATOR,20SW200099,20SAP200099,DN 50,PP STD - PN10,Union End for Butt Weld / IR,PRESSURE REGULATOR,#VALUE!,Pcs,GF (George Fischer),167582507,,,,,X,,,,,,,
PRESSURE REGULATOR,PRESSURE REGULATOR,20SW200100,20SAP200100,DN 40,PP STD - PN10,Union End for Butt Weld / IR,PRESSURE REGULATOR,#VALUE!,Pcs,GF (George Fischer),167582506,,,,,X,,,,,,,
PRESSURE REGULATOR,PRESSURE REGULATOR,20SW200101,20SAP200101,DN 32,PP STD - PN10,Union End for Butt Weld / IR,PRESSURE REGULATOR,#VALUE!,Pcs,GF (George Fischer),167582505,,,,,X,,,,,,,
PRESSURE REGULATOR,PRESSURE REGULATOR,20SW200102,20SAP200102,DN 25,PP STD - PN10,Union End for Butt Weld / IR,PRESSURE REGULATOR,#VALUE!,Pcs,GF (George Fischer),167582504,,,,,X,,,,,,,
PRESSURE REGULATOR,PRESSURE REGULATOR,20SW200103,20SAP200103,DN 20,PP STD - PN10,Union End for Butt Weld / IR,PRESSURE REGULATOR,#VALUE!,Pcs,GF (George Fischer),167582503,,,,,X,,,,,,,
PRESSURE REGULATOR,PRESSURE REGULATOR,20SW200104,20SAP200104,DN 15,PP STD - PN10,Union End for Butt Weld / IR,PRESSURE REGULATOR,#VALUE!,Pcs,GF (George Fischer),167582502,,,,,X,,,,,,,
TUBO,TUBO,20SW200105,20SAP200105,DN 63,PP STD - PN10,Butt Welded / IR,TUBO,#VALUE!,M,GF (George Fischer),167480717,,,,,X,,,,,,X,
TUBO,TUBO,20SW200106,20SAP200106,DN 50,PP STD - PN10,Butt Welded / IR,TUBO,#VALUE!,M,GF (George Fischer),167480716,,,,,X,,,,,,X,
TUBO,TUBO,20SW200107,20SAP200107,DN 40,PP STD - PN10,Butt Welded / IR,TUBO,#VALUE!,M,GF (George Fischer),167480715,,,,,X,X,,,,,X,
TUBO,TUBO,20SW200108,20SAP200108,DN 32,PP STD - PN10,Butt Welded / IR,TUBO,#VALUE!,M,GF (George Fischer),167480714,,,,,X,X,,,,,X,
TUBO,TUBO,20SW200109,20SAP200109,DN 25,PP STD - PN10,Butt Welded / IR,TUBO,#VALUE!,M,GF (George Fischer),167480713,,,,,X,X,,,,,X,
TUBO,TUBO,20SW200110,20SAP200110,DN 20,PP STD - PN10,Butt Welded / IR,TUBO,#VALUE!,M,GF (George Fischer),167480712,,,,,X,X,,,,,X,
TUBO,TUBO,20SW200111,20SAP200111,DN 15,PP STD - PN10,Butt Welded / IR,TUBO,#VALUE!,M,GF (George Fischer),167480711,,,,,X,X,,,,,X,
VALVE,VALVE,20SW200112,20SAP200112,DN 63,PP STD - PN10,Union End for Butt Weld / IR,DIA. VALVE,,Pcs,GF (George Fischer),167546448,,,,,X,,,,,,,
VALVE,VALVE,20SW200113,20SAP200113,DN 50,PP STD - PN10,Union End for Butt Weld / IR,DIA. VALVE,,Pcs,GF (George Fischer),167546447,,,,,X,,,,,,,
VALVE,VALVE,20SW200114,20SAP200114,DN 40,PP STD - PN10,Union End for Butt Weld / IR,DIA. VALVE,,Pcs,GF (George Fischer),167546446,,,,,X,,,,,,,
VALVE,VALVE,20SW200115,20SAP200115,DN 32,PP STD - PN10,Union End for Butt Weld / IR,DIA. VALVE,,Pcs,GF (George Fischer),167546445,,,,,X,,,,,,,
VALVE,VALVE,20SW200116,20SAP200116,DN 25,PP STD - PN10,Union End for Butt Weld / IR,DIA. VALVE,,Pcs,GF (George Fischer),167546444,,,,,X,,,,,,,
VALVE,VALVE,20SW200117,20SAP200117,DN 20,PP STD - PN10,Union End for Butt Weld / IR,DIA. VALVE,,Pcs,GF (George Fischer),167546443,,,,,X,,,,,,,
VALVE,VALVE,20SW200118,20SAP200118,DN 15,PP STD - PN10,Union End for Butt Weld / IR,DIA. VALVE,,Pcs,GF (George Fischer),167546442,,,,,X,,,,,,,
VALVE,VALVE,20SW200119,20SAP200119,DN 63,PP STD - PN10,Union End for Butt Weld / IR,DIA. VALVE,,Pcs,GF (George Fischer),167561008,,,,,X,,,,,,,
VALVE,VALVE,20SW200120,20SAP200120,DN 50,PP STD - PN10,Union End for Butt Weld / IR,DIA. VALVE,,Pcs,GF (George Fischer),167561007,,,,,X,,,,,,,
VALVE,VALVE,20SW200121,20SAP200121,DN 40,PP STD - PN10,Union End for Butt Weld / IR,DIA. VALVE,,Pcs,GF (George Fischer),167561006,,,,,X,,,,,,,
VALVE,VALVE,20SW200122,20SAP200122,DN 32,PP STD - PN10,Union End for Butt Weld / IR,DIA. VALVE,,Pcs,GF (George Fischer),167561005,,,,,X,,,,,,,
VALVE,VALVE,20SW200123,20SAP200123,DN 25,PP STD - PN10,Union End for Butt Weld / IR,DIA. VALVE,,Pcs,GF (George Fischer),167561004,,,,,X,,,,,,,
VALVE,VALVE,20SW200124,20SAP200124,DN 20,PP STD - PN10,Union End for Butt Weld / IR,DIA. VALVE,,Pcs,GF (George Fischer),167561003,,,,,X,,,,,,,
VALVE,VALVE,20SW200125,20SAP200125,DN 15,PP STD - PN10,Union End for Butt Weld / IR,DIA. VALVE,,Pcs,GF (George Fischer),167561002,,,,,X,,,,,,,
FITTING,CURVA 90°,10UPW100001,10SAP100001,DN 63,PVDF - PN16 UHP,Welded,ELBOW 90°,#VALUE!,Pcs,GF (George Fischer),735018737,,,,X,,,,,,,X,
FITTING,CURVA 90°,10UPW100002,10SAP100002,DN 50,PVDF - PN16 UHP,Welded,ELBOW 90°,#VALUE!,Pcs,GF (George Fischer),735018736,,,,X,,,,,,,X,
FITTING,CURVA 90°,10UPW100003,10SAP100003,DN 40,PVDF - PN16 UHP,Welded,ELBOW 90°,#VALUE!,Pcs,GF (George Fischer),735018735,,,,X,,,,,,,X,
FITTING,CURVA 90°,10UPW100004,10SAP100004,DN 32,PVDF - PN16 UHP,Welded,ELBOW 90°,#VALUE!,Pcs,GF (George Fischer),735018734,,,,X,,,,,,,X,
FITTING,CURVA 90°,10UPW100005,10SAP100005,DN 25,PVDF - PN16 UHP,Welded,ELBOW 90°,#VALUE!,Pcs,GF (George Fischer),735018733,,,,X,,,,,,,X,
FITTING,CURVA 90°,10UPW100006,10SAP100006,DN 20,PVDF - PN16 UHP,Welded,ELBOW 90°,#VALUE!,Pcs,GF (George Fischer),735018732,,,,X,,,,,,,X,
FITTING,CURVA 90°,10UPW100007,10SAP100007,DN 15,PVDF - PN16 UHP,Welded,ELBOW 90°,#VALUE!,Pcs,GF (George Fischer),735018731,,,,X,,,,,,,X,
FITTING,CURVA 45°,10UPW100008,10SAP100008,DN 63,PVDF - PN16 UHP,Welded,ELBOW 45° ,#VALUE!,Pcs,GF (George Fischer),735158637,,,,X,,,,,,,X,
FITTING,CURVA 45°,10UPW100009,10SAP100009,DN 50,PVDF - PN16 UHP,Welded,ELBOW 45° ,#VALUE!,Pcs,GF (George Fischer),735158636,,,,X,,,,,,,X,
FITTING,CURVA 45°,10UPW100010,10SAP100010,DN 40,PVDF - PN16 UHP,Welded,ELBOW 45° ,#VALUE!,Pcs,GF (George Fischer),735158635,,,,X,,,,,,,X,
FITTING,CURVA 45°,10UPW100011,10SAP100011,DN 32,PVDF - PN16 UHP,Welded,ELBOW 45° ,#VALUE!,Pcs,GF (George Fischer),735158634,,,,X,,,,,,,X,
FITTING,CURVA 45°,10UPW100012,10SAP100012,DN 25,PVDF - PN16 UHP,Welded,ELBOW 45° ,#VALUE!,Pcs,GF (George Fischer),735158633,,,,X,,,,,,,X,
FITTING,CURVA 45°,10UPW100013,10SAP100013,DN 20,PVDF - PN16 UHP,Welded,ELBOW 45° ,#VALUE!,Pcs,GF (George Fischer),735158632,,,,X,,,,,,,X,
FITTING,CURVA 45°,10UPW100014,10SAP100014,DN 15,PVDF - PN16 UHP,Welded,ELBOW 45° ,#VALUE!,Pcs,GF (George Fischer),735158631,,,,X,,,,,,,X,
FITTING,CURVA 90°,10UPW100015,10SAP100015,DN 63,PVDF - PN16 UHP,Welded,90° BEND,#VALUE!,Pcs,GF (George Fischer),735018737,,,,X,,,,,,,X,
FITTING,CURVA 90°,10UPW100016,10SAP100016,DN 50,PVDF - PN16 UHP,Welded,90° BEND,#VALUE!,Pcs,GF (George Fischer),735018736,,,,X,,,,,,,X,
FITTING,CURVA 90°,10UPW100017,10SAP100017,DN 40,PVDF - PN16 UHP,Welded,90° BEND,#VALUE!,Pcs,GF (George Fischer),735018735,,,,X,,,,,,,X,
FITTING,CURVA 90°,10UPW100018,10SAP100018,DN 32,PVDF - PN16 UHP,Welded,90° BEND,#VALUE!,Pcs,GF (George Fischer),735018734,,,,X,,,,,,,X,
FITTING,CURVA 90°,10UPW100019,10SAP100019,DN 25,PVDF - PN16 UHP,Welded,90° BEND,#VALUE!,Pcs,GF (George Fischer),735018733,,,,X,,,,,,,X,
FITTING,CURVA 90°,10UPW100020,10SAP100020,DN 20,PVDF - PN16 UHP,Welded,90° BEND,#VALUE!,Pcs,GF (George Fischer),735018732,,,,X,,,,,,,X,
FITTING,CURVA 90°,10UPW100021,10SAP100021,DN 15,PVDF - PN16 UHP,Welded,90° BEND,#VALUE!,Pcs,GF (George Fischer),735018731,,,,X,,,,,,,X,
FITTING,CURVA 45°,10UPW100022,10SAP100022,DN 63,PVDF - PN16 UHP,Welded,45° BEND,#VALUE!,Pcs,GF (George Fischer),735158631,,,,X,,,,,,,X,
FITTING,CURVA 45°,10UPW100023,10SAP100023,DN 50,PVDF - PN16 UHP,Welded,45° BEND,#VALUE!,Pcs,GF (George Fischer),735158631,,,,X,,,,,,,X,
FITTING,CURVA 45°,10UPW100024,10SAP100024,DN 40,PVDF - PN16 UHP,Welded,45° BEND,#VALUE!,Pcs,GF (George Fischer),735158631,,,,X,,,,,,,X,
FITTING,CURVA 45°,10UPW100025,10SAP100025,DN 32,PVDF - PN16 UHP,Welded,45° BEND,#VALUE!,Pcs,GF (George Fischer),735158631,,,,X,,,,,,,X,
FITTING,CURVA 45°,10UPW100026,10SAP100026,DN 25,PVDF - PN16 UHP,Welded,45° BEND,#VALUE!,Pcs,GF (George Fischer),735158631,,,,X,,,,,,,X,
FITTING,CURVA 45°,10UPW100027,10SAP100027,DN 20,PVDF - PN16 UHP,Welded,45° BEND,#VALUE!,Pcs,GF (George Fischer),735158631,,,,X,,,,,,,X,
FITTING,CURVA 45°,10UPW100028,10SAP100028,DN 15,PVDF - PN16 UHP,Welded,45° BEND,#VALUE!,Pcs,GF (George Fischer),735158631,,,,X,,,,,,,X,
FITTING,TEE,10UPW100029,10SAP100029,DN 63,PVDF - PN16 UHP,Welded,EQUAL TEE ,,Pcs,GF (George Fischer),735208637,,,,X,,,,,,,X,
FITTING,TEE,10UPW100030,10SAP100030,DN 50,PVDF - PN16 UHP,Welded,EQUAL TEE ,,Pcs,GF (George Fischer),735208636,,,,X,,,,,,,X,
FITTING,TEE,10UPW100031,10SAP100031,DN 40,PVDF - PN16 UHP,Welded,EQUAL TEE ,,Pcs,GF (George Fischer),735208635,,,,X,,,,,,,X,
FITTING,TEE,10UPW100032,10SAP100032,DN 32,PVDF - PN16 UHP,Welded,EQUAL TEE ,,Pcs,GF (George Fischer),735208634,,,,X,,,,,,,X,
FITTING,TEE,10UPW100033,10SAP100033,DN 25,PVDF - PN16 UHP,Welded,EQUAL TEE ,,Pcs,GF (George Fischer),735208633,,,,X,,,,,,,X,
FITTING,TEE,10UPW100034,10SAP100034,DN 20,PVDF - PN16 UHP,Welded,EQUAL TEE ,,Pcs,GF (George Fischer),735208632,,,,X,,,,,,,X,
FITTING,TEE,10UPW100035,10SAP100035,DN 15,PVDF - PN16 UHP,Welded,EQUAL TEE ,,Pcs,GF (George Fischer),735208631,,,,X,,,,,,,X,
FITTING,TEE,10UPW100036,10SAP100036,DN 63 - DN50,PVDF - PN16 UHP,Welded,REDUCING TEE,,Pcs,GF (George Fischer),735208637+735908612,,,,X,,,,,,,X,
FITTING,TEE,10UPW100037,10SAP100037,DN 63 - DN40,PVDF - PN16 UHP,Welded,REDUCING TEE,,Pcs,GF (George Fischer),735208637+735908613,,,,X,,,,,,,X,
FITTING,TEE,10UPW100038,10SAP100038,DN 50 - DN 40,PVDF - PN16 UHP,Welded,REDUCING TEE,,Pcs,GF (George Fischer),735208636+735908609,,,,X,,,,,,,X,
FITTING,TEE,10UPW100039,10SAP100039,DN 50 - DN 32,PVDF - PN16 UHP,Welded,REDUCING TEE,,Pcs,GF (George Fischer),735208636+735908610,,,,X,,,,,,,X,
FITTING,TEE,10UPW100040,10SAP100040,DN 40 - DN32,PVDF - PN16 UHP,Welded,REDUCING TEE,,Pcs,GF (George Fischer),735208635+735908606,,,,X,,,,,,,X,
FITTING,TEE,10UPW100041,10SAP100041,DN 40 - DN 25,PVDF - PN16 UHP,Welded,REDUCING TEE,,Pcs,GF (George Fischer),735208635+735908607,,,,X,,,,,,,X,
FITTING,TEE,10UPW100042,10SAP100042,DN 32 - DN 25,PVDF - PN16 UHP,Welded,REDUCING TEE,,Pcs,GF (George Fischer),735208634+735908603,,,,X,,,,,,,X,
FITTING,TEE,10UPW100043,10SAP100043,DN 32 - DN 20,PVDF - PN16 UHP,Welded,REDUCING TEE,,Pcs,GF (George Fischer),735208634+735908604,,,,X,,,,,,,X,
FITTING,TEE,10UPW100044,10SAP100044,DN 25 - DN 20,PVDF - PN16 UHP,Welded,REDUCING TEE,,Pcs,GF (George Fischer),735208633+735908601,,,,X,,,,,,,X,
FITTING,TEE,10UPW100045,10SAP100045,DN 25 - DN 15,PVDF - PN16 UHP,Welded,REDUCING TEE,,Pcs,GF (George Fischer),735208633+735908602,,,,X,,,,,,,X,
FITTING,TEE,10UPW100046,10SAP100046,DN 20 - DN 15,PVDF - PN16 UHP,Welded,REDUCING TEE,,Pcs,GF (George Fischer),735208632+735908600,,,,X,,,,,,,X,
FITTING,RIDUZIONI,10UPW100047,10SAP100047,DN 63 - DN50,PVDF - PN16 UHP,Welded,CONCENTRIC REDUCER,,Pcs,GF (George Fischer),735908612,,,,X,,,,,,,X,
FITTING,RIDUZIONI,10UPW100048,10SAP100048,DN 63 - DN40,PVDF - PN16 UHP,Welded,CONCENTRIC REDUCER,,Pcs,GF (George Fischer),735908613,,,,X,,,,,,,X,
FITTING,RIDUZIONI,10UPW100049,10SAP100049,DN 50 - DN 40,PVDF - PN16 UHP,Welded,CONCENTRIC REDUCER,,Pcs,GF (George Fischer),735908613,,,,X,,,,,,,X,
FITTING,RIDUZIONI,10UPW100050,10SAP100050,DN 50 - DN 32,PVDF - PN16 UHP,Welded,CONCENTRIC REDUCER,,Pcs,GF (George Fischer),735908610,,,,X,,,,,,,X,
FITTING,RIDUZIONI,10UPW100051,10SAP100051,DN 40 - DN32,PVDF - PN16 UHP,Welded,CONCENTRIC REDUCER,,Pcs,GF (George Fischer),735908606,,,,X,,,,,,,X,
FITTING,RIDUZIONI,10UPW100052,10SAP100052,DN 40 - DN 25,PVDF - PN16 UHP,Welded,CONCENTRIC REDUCER,,Pcs,GF (George Fischer),735908607,,,,X,,,,,,,X,
FITTING,RIDUZIONI,10UPW100053,10SAP100053,DN 32 - DN 25,PVDF - PN16 UHP,Welded,CONCENTRIC REDUCER,,Pcs,GF (George Fischer),735908603,,,,X,,,,,,,X,
FITTING,RIDUZIONI,10UPW100054,10SAP100054,DN 32 - DN 20,PVDF - PN16 UHP,Welded,CONCENTRIC REDUCER,,Pcs,GF (George Fischer),735908604,,,,X,,,,,,,X,
FITTING,RIDUZIONI,10UPW100055,10SAP100055,DN 25 - DN 20,PVDF - PN16 UHP,Welded,CONCENTRIC REDUCER,,Pcs,GF (George Fischer),735908601,,,,X,,,,,,,X,
FITTING,RIDUZIONI,10UPW100056,10SAP100056,DN 25 - DN 15,PVDF - PN16 UHP,Welded,CONCENTRIC REDUCER,,Pcs,GF (George Fischer),735908602,,,,X,,,,,,,X,
FITTING,RIDUZIONI,10UPW100057,10SAP100057,DN 20 - DN 15,PVDF - PN16 UHP,Welded,CONCENTRIC REDUCER,,Pcs,GF (George Fischer),735908600,,,,X,,,,,,,X,
FITTING,UNION,10UPW100058,10SAP100058,DN 63,PVDF - PN16 UHP - ORING BIANCA,Welded,UNION 3 PCS,#VALUE!,Pcs,GF (George Fischer),735528637,,,,X,,,,,,,X,
FITTING,UNION,10UPW100059,10SAP100059,DN 50,PVDF - PN16 UHP - ORING BIANCA,Welded,UNION 3 PCS,#VALUE!,Pcs,GF (George Fischer),735528631,,,,X,,,,,,,X,
FITTING,UNION,10UPW100060,10SAP100060,DN 40,PVDF - PN16 UHP - ORING BIANCA,Welded,UNION 3 PCS,#VALUE!,Pcs,GF (George Fischer),735528630,,,,X,,,,,,,X,
FITTING,UNION,10UPW100061,10SAP100061,DN 32,PVDF - PN16 UHP - ORING BIANCA,Welded,UNION 3 PCS,#VALUE!,Pcs,GF (George Fischer),735528629,,,,X,,,,,,,X,
FITTING,UNION,10UPW100062,10SAP100062,DN 25,PVDF - PN16 UHP - ORING BIANCA,Welded,UNION 3 PCS,#VALUE!,Pcs,GF (George Fischer),735528628,,,,X,,,,,,,X,
FITTING,UNION,10UPW100063,10SAP100063,DN 20,PVDF - PN16 UHP - ORING BIANCA,Welded,UNION 3 PCS,#VALUE!,Pcs,GF (George Fischer),735528627,,,,X,,,,,,,X,
FITTING,UNION,10UPW100064,10SAP100064,DN 15,PVDF - PN16 UHP - ORING BIANCA,Welded,UNION 3 PCS,#VALUE!,Pcs,GF (George Fischer),735528626,,,,X,,,,,,,X,
FITTING,Tube - PFA / FLARE ADAPTER,10UPW100065,10SAP100065,"DN 15 x 1/4""",PVDF - PN16 UHP ,Welded - Flare,Tube - PFA / FLARE ADAPTER,,Pcs,GF (George Fischer),735598430,,,,X,,,,,,,X,
FITTING,Tube - PFA / FLARE ADAPTER,10UPW100066,10SAP100066,"DN 15 x 3/8""",PVDF - PN16 UHP ,Welded - Flare,Tube - PFA / FLARE ADAPTER,,Pcs,GF (George Fischer),735598431,,,,X,,,,,,,X,
FITTING,Tube - PFA / FLARE ADAPTER,10UPW100067,10SAP100067,"DN 15 x 1/2""",PVDF - PN16 UHP ,Welded - Flare,Tube - PFA / FLARE ADAPTER,,Pcs,GF (George Fischer),735598432,,,,X,,,,,,,X,
FITTING,Tube - PFA / FLARE ADAPTER,10UPW100068,10SAP100068,"DN 20 x 1/2""",PVDF - PN16 UHP ,Welded - Flare,Tube - PFA / FLARE ADAPTER,,Pcs,GF (George Fischer),735598437,,,,X,,,,,,,X,
FITTING,Tube - PFA / FLARE ADAPTER,10UPW100069,10SAP100069,"DN 20 x 3/4""",PVDF - PN16 UHP ,Welded - Flare,Tube - PFA / FLARE ADAPTER,,Pcs,GF (George Fischer),735598438,,,,X,,,,,,,X,
FITTING,Tube - PFA / FLARE ADAPTER,10UPW100070,10SAP100070,"DN 25 x 1/2""",PVDF - PN16 UHP ,Welded - Flare,Tube - PFA / FLARE ADAPTER,,Pcs,GF (George Fischer),735598442,,,,X,,,,,,,X,
FITTING,Tube - PFA / FLARE ADAPTER,10UPW100071,10SAP100071,"DN 25 x 3/4""",PVDF - PN16 UHP ,Welded - Flare,Tube - PFA / FLARE ADAPTER,,Pcs,GF (George Fischer),735598443,,,,X,,,,,,,X,
FITTING,Tube - PFA / FLARE ADAPTER,10UPW100072,10SAP100072,"DN 25 x 1""",PVDF - PN16 UHP ,Welded - Flare,Tube - PFA / FLARE ADAPTER,,Pcs,GF (George Fischer),735598444,,,,X,,,,,,,X,
INSTRUMENT,FLOWMETER,10UPW100076,10SAP100076,,PVDF - PN16 UHP - ORING BIANCA,Union End,FLOWMETER,,Pcs,GF (George Fischer),198335160,,,,X,,,,,,,,
INSTRUMENT,FLOWMETER,10UPW100077,10SAP100077,,PVDF - PN16 UHP - ORING BIANCA,Union End,FLOWMETER,,Pcs,GF (George Fischer),198335161,,,,X,,,,,,,,
INSTRUMENT,FLOWMETER,10UPW100078,10SAP100078,,PVDF - PN16 UHP - ORING BIANCA,Union End,FLOWMETER,,Pcs,GF (George Fischer),198335162,,,,X,,,,,,,,
INSTRUMENT,FLOWMETER,10UPW100079,10SAP100079,,PVDF - PN16 UHP - ORING BIANCA,Union End,FLOWMETER,,Pcs,GF (George Fischer),198335163,,,,X,,,,,,,,
INSTRUMENT,FLOWMETER,10UPW100080,10SAP100080,,PVDF - PN16 UHP - ORING BIANCA,Union End,FLOWMETER,,Pcs,GF (George Fischer),198335164,,,,X,,,,,,,,
PRESSURE REGULATOR,PRESSURE REGULATOR,10UPW100081,10SAP100081,DN 50,PVDF - PN16 UHP - ORING BIANCA,Union End,PRESSURE REGULATOR,#VALUE!,Pcs,GF (George Fischer),180582017,,,,X,,,,,,,,
PRESSURE REGULATOR,PRESSURE REGULATOR,10UPW100082,10SAP100082,DN 40,PVDF - PN16 UHP - ORING BIANCA,Union End,PRESSURE REGULATOR,#VALUE!,Pcs,GF (George Fischer),180582016,,,,X,,,,,,,,
PRESSURE REGULATOR,PRESSURE REGULATOR,10UPW100083,10SAP100083,DN 32,PVDF - PN16 UHP - ORING BIANCA,Union End,PRESSURE REGULATOR,#VALUE!,Pcs,GF (George Fischer),180582015,,,,X,,,,,,,,
PRESSURE REGULATOR,PRESSURE REGULATOR,10UPW100084,10SAP100084,DN 25,PVDF - PN16 UHP - ORING BIANCA,Union End,PRESSURE REGULATOR,#VALUE!,Pcs,GF (George Fischer),180582014,,,,X,,,,,,,,
PRESSURE REGULATOR,PRESSURE REGULATOR,10UPW100085,10SAP100085,DN 20,PVDF - PN16 UHP - ORING BIANCA,Union End,PRESSURE REGULATOR,#VALUE!,Pcs,GF (George Fischer),180582013,,,,X,,,,,,,,
PRESSURE REGULATOR,PRESSURE REGULATOR,10UPW100086,10SAP100086,DN 15,PVDF - PN16 UHP - ORING BIANCA,Union End,PRESSURE REGULATOR,#VALUE!,Pcs,GF (George Fischer),180582012,,,,X,,,,,,,,
TUBO,TUBO,10UPW100087,10SAP100087,DN 63,PVDF - PN16 UHP,Welded,TUBE,#VALUE!,Metri,GF (George Fischer),175481209S,,,,X,,,,,,,X,
TUBO,TUBO,10UPW100088,10SAP100088,DN 50,PVDF - PN16 UHP,Welded,TUBE,#VALUE!,Metri,GF (George Fischer),175481208S,,,,X,,,,,,,X,
TUBO,TUBO,10UPW100089,10SAP100089,DN 40,PVDF - PN16 UHP,Welded,TUBE,#VALUE!,Metri,GF (George Fischer),175481207S,,,,X,,,,,,,X,
TUBO,TUBO,10UPW100090,10SAP100090,DN 32,PVDF - PN16 UHP,Welded,TUBE,#VALUE!,Metri,GF (George Fischer),175481206S,,,,X,,,,,,,X,
TUBO,TUBO,10UPW100091,10SAP100091,DN 25,PVDF - PN16 UHP,Welded,TUBE,#VALUE!,Metri,GF (George Fischer),175481205S,,,,X,,,,,,,X,
TUBO,TUBO,10UPW100092,10SAP100092,DN 20,PVDF - PN16 UHP,Welded,TUBE,#VALUE!,Metri,GF (George Fischer),175481204S,,,,X,,,,,,,X,
TUBO,TUBO,10UPW100093,10SAP100093,DN 15,PVDF - PN16 UHP,Welded,TUBE,#VALUE!,Metri,GF (George Fischer),175481203S,,,,X,,,,,,,X,
VALVE,2 WAY DIA. VALVE,10UPW100094,10SAP100094,DN 63,PVDF - PN16 UHP - ORING BIANCA,Union End,2 WAY DIA. VALVE,#VALUE!,Pcs,GF (George Fischer),175317453,,,,X,,,,,,,,
VALVE,2 WAY DIA. VALVE,10UPW100095,10SAP100095,DN 50,PVDF - PN16 UHP - ORING BIANCA,Union End,2 WAY DIA. VALVE,#VALUE!,Pcs,GF (George Fischer),181514137,,,,X,,,,,,,,
VALVE,2 WAY DIA. VALVE,10UPW100096,10SAP100096,DN 40,PVDF - PN16 UHP - ORING BIANCA,Union End,2 WAY DIA. VALVE,#VALUE!,Pcs,GF (George Fischer),181514136,,,,X,,,,,,,,
VALVE,2 WAY DIA. VALVE,10UPW100097,10SAP100097,DN 32,PVDF - PN16 UHP - ORING BIANCA,Union End,2 WAY DIA. VALVE,#VALUE!,Pcs,GF (George Fischer),181514135,,,,X,,,,,,,,
VALVE,2 WAY DIA. VALVE,10UPW100098,10SAP100098,DN 25,PVDF - PN16 UHP - ORING BIANCA,Union End,2 WAY DIA. VALVE,#VALUE!,Pcs,GF (George Fischer),181514134,,,,X,,,,,,,,
VALVE,2 WAY DIA. VALVE,10UPW100099,10SAP100099,DN 20,PVDF - PN16 UHP - ORING BIANCA,Union End,2 WAY DIA. VALVE,#VALUE!,Pcs,GF (George Fischer),181514133,,,,X,,,,,,,,
VALVE,2 WAY DIA. VALVE,10UPW100100,10SAP100100,DN 15,PVDF - PN16 UHP - ORING BIANCA,Union End,2 WAY DIA. VALVE,#VALUE!,Pcs,GF (George Fischer),181514132,,,,X,,,,,,,,
VALVE,3 WAY DIA.VALVE,10UPW100101,10SAP100101,DN 50 - DN 50,PVDF - PN16 UHP ,Welded,3 WAY DIA.VALVE,#VALUE!,Pcs,GF (George Fischer),180519330,,,,X,,,,,,,,
VALVE,3 WAY DIA.VALVE,10UPW100102,10SAP100102,DN 50 - DN 40,PVDF - PN16 UHP ,Welded,3 WAY DIA.VALVE,#VALUE!,Pcs,GF (George Fischer),180519329,,,,X,,,,,,,,
VALVE,3 WAY DIA.VALVE,10UPW100103,10SAP100103,DN 50 - DN 32,PVDF - PN16 UHP ,Welded,3 WAY DIA.VALVE,#VALUE!,Pcs,GF (George Fischer),180519328,,,,X,,,,,,,,
VALVE,3 WAY DIA.VALVE,10UPW100104,10SAP100104,DN 40 - DN 40,PVDF - PN16 UHP ,Welded,3 WAY DIA.VALVE,#VALUE!,Pcs,GF (George Fischer),180519322,,,,X,,,,,,,,
VALVE,3 WAY DIA.VALVE,10UPW100105,10SAP100105,DN 40 - DN32,PVDF - PN16 UHP ,Welded,3 WAY DIA.VALVE,#VALUE!,Pcs,GF (George Fischer),180519321,,,,X,,,,,,,,
VALVE,3 WAY DIA.VALVE,10UPW100106,10SAP100106,DN 40 - DN 25,PVDF - PN16 UHP ,Welded,3 WAY DIA.VALVE,#VALUE!,Pcs,GF (George Fischer),180519320,,,,X,,,,,,,,
VALVE,3 WAY DIA.VALVE,10UPW100107,10SAP100107,DN 32 - DN 32,PVDF - PN16 UHP ,Welded,3 WAY DIA.VALVE,#VALUE!,Pcs,GF (George Fischer),180519315,,,,X,,,,,,,,
VALVE,3 WAY DIA.VALVE,10UPW100108,10SAP100108,DN 32 - DN 25,PVDF - PN16 UHP ,Welded,3 WAY DIA.VALVE,#VALUE!,Pcs,GF (George Fischer),180519314,,,,X,,,,,,,,
VALVE,3 WAY DIA.VALVE,10UPW100109,10SAP100109,DN 32 - DN 20,PVDF - PN16 UHP ,Welded,3 WAY DIA.VALVE,#VALUE!,Pcs,GF (George Fischer),180519313,,,,X,,,,,,,,
VALVE,3 WAY DIA.VALVE,10UPW100110,10SAP100110,DN 25 - DN 25,PVDF - PN16 UHP ,Welded,3 WAY DIA.VALVE,#VALUE!,Pcs,GF (George Fischer),180519309,,,,X,,,,,,,,
VALVE,3 WAY DIA.VALVE,10UPW100111,10SAP100111,DN 25 - DN 20,PVDF - PN16 UHP ,Welded,3 WAY DIA.VALVE,#VALUE!,Pcs,GF (George Fischer),180519308,,,,X,,,,,,,,
VALVE,3 WAY DIA.VALVE,10UPW100112,10SAP100112,DN 25 - DN 15,PVDF - PN16 UHP ,Welded,3 WAY DIA.VALVE,#VALUE!,Pcs,GF (George Fischer),180519307,,,,X,,,,,,,,
VALVE,3 WAY DIA.VALVE,10UPW100113,10SAP100113,DN 20 - DN 20,PVDF - PN16 UHP ,Welded,3 WAY DIA.VALVE,#VALUE!,Pcs,GF (George Fischer),180519304,,,,X,,,,,,,,
VALVE,3 WAY DIA.VALVE,10UPW100114,10SAP100114,DN 20 - DN 15,PVDF - PN16 UHP ,Welded,3 WAY DIA.VALVE,#VALUE!,Pcs,GF (George Fischer),180519303,,,,X,,,,,,,,